{"map_info": {"height": 239.6707714018496, "width": 193.00566188459698}}