{"map_info": {"height": 255.3666505511283, "width": 250.0690337848147}}